Input Size;Execution Time (µs);Log(n)
100;0.584;6.643856
1000;0.708;9.965784
10000;0.833;13.287712
100000;1.042;16.609640
1000000;0.916;19.931569
